-84.283446,35.362758,12-Ft Topiary Dragon Mailbox,"1350 Cherohala Skyway,Tellico Plains TN 37385,423-253-7199"
-89.896039,35.148719,1st Holiday Inn-Now Family Funeral Care,"Summer Ave,Memphis TN 38122"
-89.936784,35.122745,25-Ft Statue Of Ramesses Ii,"Central Ave,Memphis TN 38111"
-88.941166,35.9578,31 Mph Speed Limit,"S College St,Trenton TN 38382"
-90.04876,35.114206,Abandoned Birthplace Of Aretha Franklin,"406 Lucy Ave,Memphis TN 38106"
-83.564844,35.796913,Adventure Golf-Giant Shark And Dinosaurs,"2925 Pkway,Pigeon Forge TN 37863"
-86.775486,36.146604,Adventure Science Center,"800 Fort Negley Blvd,Nashville TN 37203,615-862-5160"
-85.693273,35.035057,Airplane Crashed In Parking Lot,"1475 Old Jasper Rd,South Pittsburg TN 37380"
-86.615031,36.175637,Airplane Wing Sundial,"3700 James Kay Lane,Hermitage TN 37076"
-83.571723,35.801574,Alcatraz East,"2757 Pkwy,Pigeon Forge TN 37863,865-453-3278"
-89.576194,35.673385,Alex Haley House Museum,"200 S Church St,Henning TN 38041"
-90.04898,35.149534,American Pyramid,"1 Auction Ave,Memphis TN 38103,901-521-7909"
-90.052298,35.155965,Americas Largest Pyramid-Bass Pro Shops,"1 Bass Pro Dr,Memphis TN 38105"
-89.994968,35.148184,Ancient Egypt Temple Zoo,"2000 Prentiss Place,Memphis TN 38112,901-333-6500"
-85.285468,35.037041,Andrews Raiders Monument-German Pow-Choo-Choo At Chattanooga Cemetary,"1200 Bailey Ave,Chattanooga TN 37404"
-82.317392,36.50278,Appalachian Caverns,"420 Cave Hill Rd,Blountville TN 37617"
-83.08609,36.253169,Archie Campbell Museum,"3139 S Main St,Bulls Gap TN 37711,423-235-5216"
-86.047887,35.457395,Arrowheads Aerospace Cultural Center,"24 Campground Rd,Manchester TN 37355"
-89.935322,35.120849,Art Tigers,"3785 Norriswood Ave,Memphis TN 38111"
-87.359299,36.529339,Atomic Mortar And Hitlers Bowl-Don F Pratt Museum And Legacies Military Keepsakes,"Tennessee Ave Fort Campbell,Clarksville TN 37040,270-798-4986"
-84.152974,35.907104,Atomic Motor Speedways Huge Roadside Racer,"11217 Outlet Dr,Knoxville TN 37932"
-90.019397,35.080398,Atomic Mouse Of Memphis,"2371 Elvis Presley Blvd,Memphis TN 38106,901-774-0057"
-83.901192,35.974544,Audacious Confederate Cemetery Monument,"1917 Bethel Ave,Knoxville TN 37915,865-522-8661"
-86.782208,36.163716,Award-Winning Art Deco Bathroom,"231 6th Ave N,Nashville TN 37219"
-85.130999,35.589501,Backcountry Gourd Art Supermarket,"46901 Hwy 30,Pikeville TN 37367,423-447-6352"
-87.032326,35.199284,Backwards Plaque Shuns The Kkk,"205 W Madison St,Pulaski TN 38478,931-424-8655"
-82.229388,36.438474,Backyard Terrors And Dinosaur Park,"1065 Walnut Grove Rd,Bluff City TN 37618,423-391-7017"
-83.612033,35.984567,Bass Pro Shops Outdoor World Penny Smasher,"3629 Outdoor Sportsmans Pl,Kodak TN 37764"
-85.343835,35.009533,Battles For Chattanooga Museum With A Electric Map,"1110 E Brow Rd,Lookout Mountain TN 37350,423-821-2812"
-90.04704,35.13952,Beale Street Blues Museum,"329 Beale St,Memphis TN 38103"
-90.052801,35.139756,Beale Street Police Museum ***gone***,"159 Beale St,Memphis TN 38103,901-525-9800"
-83.573884,35.801386,Beef Jerky Outlet Penny Smasher,"2726 Pkway,Pigeon Forge TN 37863"
-90.053932,35.14698,Belated Tribute To Jefferson Davis-Memphis Park,"31 N Front St,Memphis TN 38103"
-87.060539,36.590016,Bell Witch Cave,"430 Keysburg Rd,Adams TN 37010,615-696-3055"
-87.064614,36.581326,Bell Witch Museum,"Hwy 41,Adams TN 37010"
-86.86526,36.105856,Belle Meade Plantation Tour,"5025 Harding Pike,Nashville TN 37205,615-356-0501"
-86.795214,36.13281,Belmont Mansion,"1900 Belmont Blvd,Nashville TN 37212"
-89.66433,35.043013,Biblical Resource Center And Museum,"140 E Mulberry St,Collierville TN 38017"
-87.306857,36.094522,Big Catfish-Dickson,"3069 Broadway Of America Hwy,Dickson TN 37055"
-83.556795,35.788648,Big Catfish-Huck Fins Catfish,"3330 Pkway,Pigeon Forge TN 37863,865-429-3353"
-88.316611,36.292389,Big Catfish-Paris,"Tyson Ave,Paris TN 38242"
-89.202872,36.20109,Big Confederate Flag And Memorial Plaza,"Ollie Pierce Rd,Trimble TN 38259"
-84.583328,35.449436,Big Cows And Ice Cream-Dairy Tour,"104 Mayfield Lane,Athens TN 37303"
-84.213628,36.297909,Big Dragon Statue-Thunder Mountain Fireworks,"292 John Mcghee Blvd,Caryville TN 37714,423-562-1910"
-82.528635,36.552064,Big Fries-Hot Dog-Shake,"1120 E Stone Dr,Kingsport TN 37660"
-82.418073,36.144433,Big Mary The Elephant,"219 S Main Ave,Erwin TN 37650"
-83.553195,35.786033,Big Shark Store Entrance-Go Greek,"3535 Pkway,Pigeon Forge TN 37863"
-90.052821,35.142083,Billy Bass Adoption Center,"105 S Second St,Memphis TN 38103,901-522-8228"
-86.783133,36.160333,Billy Graham Statue,"Commerce St,Nashville TN 37203"
-89.262291,35.593967,Billy Tripps Mindfield,"1 Mindfield Alley,Brownsville TN 38012,731-772-2193"
-83.519552,35.710328,Blindshot Barnabls Circus,"Us 441,Gatlinburg TN 37738"
-84.874716,35.162536,Blood-Stained Crypt Of Nina Cragmiles,"320 Broad St Nw,Cleveland TN 37311"
-83.914615,35.961287,Blount Mansion,"200 W Hill Ave,Knoxville TN 37902"
-88.815032,35.615159,Book-Reading Praying Mantis,"433 E Lafayette St,Jackson TN 38301"
-86.777333,36.164767,Boot Country Boot,"304 Broadway,Nashville TN 37201"
-86.809976,36.114278,Boy Scout Catfish,"3414 Hillsboro Pike,Nashville TN 37215"
-83.536166,35.776826,Boyds Bear Country,"149 Cates Lane,Pigeon Forge TN 37863"
-82.257982,36.517945,Bristol Motor Speedway And Dragway Tours,"151 Speedway Blvd,Bristol TN 37620,423-764-9101"
-86.773861,36.181584,Bronze American Bison Herd-Buffalo Park,"Dickerson Pike,Nashville TN 37207"
-86.695813,36.219601,Bronze Bust Of First American Killed In Vietnam,"2416 Music Valley Dr,Nashville TN 37214,615-889-2474"
-87.797959,35.884566,Buffalo With Red Eyes-Loretta Lynns Kitchen,"15366 Hwy 13 S,Hurricane Mills TN 37078"
-82.247263,36.593475,Building Shaped Like A Guitar,"3245 W State St,Bristol TN 37620"
-83.557167,35.790883,Bungee Jumping At Smoky Mountain Speedpark,"3275 Pkway,Pigeon Forge TN 37863"
-90.051493,35.139299,Burgers Cooked In 100yr Old Grease-Dyers Bugers,"205 Beale St,Memphis TN 38103,901-527-3937"
-83.339927,35.929831,Bushs Beans Museum And Tour,"3901 Us Hwy 411,Dandridge TN 37725,865-509-3077"
-82.0371359,36.3591369,Butler Museum,"123 Selma Curtis Rd,Butler TN 37640"
-90.130087,35.062311,C.h Nash Museum At Chucalissa,"1987 Indian Village Dr,Memphis TN 38109"
-84.120841,36.382586,Campbell County Historical Society,"235 E Central Ave,La Follette TN 37766"
-89.908529,35.112967,Cancer Survivors Plaza-Memphis,"Perkins,Memphis TN 38117"
-82.830412,36.164245,Cannonball In A Church Wall-Cumberland Presbyterian Church,"201 N Main St,Greeneville TN 37745,423-638-4119"
-86.851542,36.151467,Car Parts Muffler Sculpture,"5303 Charlotte Ave,Nashville TN 37209"
-83.556602,35.789518,Carbos Smokey Mountain Police Museum ***closed***,"3311 Pkway,Pigeon Forge TN 37863"
-88.85522,35.660226,Casey Jones Home And Railroad Museum-Pocket Watch Of Death,"56 Casey Jones Lane,Jackson TN 38305,731-668-1222"
-88.855239,35.660217,Casey Jones Railroad Museum,"30 Casey Jones Lane,Jackson TN 38305"
-89.993869,35.147339,Charging Doughboy,"Veterans Plaza Dr,Memphis TN 38112"
-86.775336,36.162327,Charlie Daniels Museum ***closed***,"110 2nd Ave N,Nashville TN 37201,615-242-9727"
-85.306451,35.044583,Chattanooga African American Museum,"200 E M L King Blvd,Chattanooga TN 37403"
-85.31455,35.055833,Chattanooga Battle Of Lookout Mountain Manhole Cover,"N Side Of Riverfront Pkway,Chattanooga TN 37402"
-85.306959,35.037001,Chattanooga Choo-Choo Model Railroad Museum,"1400 Market St,Chattanooga TN 37408,423-266-5000"
-85.312843,35.023602,Chattanooga Ducks Tour,"21 W 28th St,Chattanooga TN 37408,423-756-3825"
-85.356235,35.017962,Chattanooga Nature Center,"400 Garden Rd,Chattanooga TN 37409,423-821-1160"
-86.872759,36.085337,Cheekwood Botanical Garden And Art Museum,"1200 Forrest Park Dr,Nashville TN 37221"
-85.147599,36.05505,Cherokee Nudist Lodge-Clothing Optional,"324 Trails End,Crossville TN 38571,931-277-5140"
-89.976289,35.125288,Childrens Museum Of Memphis,"2525 Central Ave,Memphis TN 38104,901-458-2678"
-84.271612,36.023536,Childrens Museum Of Oak Ridge,"461 W Outer Dr,Oak Ridge TN 37830"
-83.519762,35.713036,Christ In The Smokies Museum And Gardens,"510 River Rd,Gatlinburg TN 37738,865-436-5155"
-85.518297,35.20273,Church Civil War Dinner Theater,"1060 Main St,Whitwell TN 37397,423-658-7478"
-83.657201,36.011344,Circle G Ranch-Ride A Camel,"831 Thorngrove Pike,Strawberry Plains TN 37871,865-932-0070"
-83.51333,35.713009,Cletus The Smoky Mountain Merman,"611 Pkway,Gatlinburg TN 37738"
-90.025733,35.046433,Coca Cola Delivery Truck,"3750 Elvis Presley Blvd,Memphis TN 38116"
-86.08825,35.50175,Coca Cola Soda Cooler-Cracker Barrel,"Paradise St,Manchester TN 37355"
-89.990236,35.119989,Coin-Operated Elvis Shrine,"2152 Young Ave,Memphis TN 38104,901-722-0095"
-83.571265,35.801153,Comedy Barn Theater Penny Smasher,"2775 Pkway,Pigeon Forge TN 37863"
-90.034819,35.139201,Controversial Grave Of Nathan Bedford Forrest,"Union Ave,Memphis TN 38103"
-86.791646,36.152088,Controversial Musica Statue,"Division St,Nashville TN 37203"
-85.507373,36.166032,Cookeville Childrens Museum,"36 W Second St,Cookeville TN 38501"
-85.508392,36.164271,Cookeville Depot Museum,"116 W Broad St,Cookeville TN 38501"
-89.894267,35.033554,Coors Brewing Co Tours,"5151 E Raines Rd,Memphis TN 38118"
-84.373672,34.990102,Copper Miner,"Ocoee St,Copperhill TN 37317"
-90.054733,35.143373,Cotton Museum,"65 Union Ave,Memphis TN 38103,901-531-7826"
-86.776248,36.15842,Country Music Hall Of Fame,"222 5th Ave S,Nashville TN 37203"
-86.792808,36.150074,Country Music Hall Of Fame And Museum,"1611 Roy Acuff Pl,Nashville TN 37203,615-416-2001"
-86.792778,36.144766,Country Western Singer Statue-Creative Soul Music Academy,"1028 16th Ave S,Nashville TN 37212"
-88.593784,35.170462,County Sheriff Office and Jail-Walking Tall Movie,Selmer TN 38375
-86.01015,35.163556,Cowan Railroad Musuem,"108 Front St S,Cowan TN 37318"
-85.312276,35.052569,Creative Discovery Museum,"321 Chestnut St,Chattanooga TN 37402,423-756-2738"
-86.695741,36.54764,Cross Plains Museum Library And Archive,"7821 Hwy 25 E,Cross Plains TN 37049"
-85.683489,35.666116,Cumberland Caverns-With Chandelier And A Cool Rabbit,"1437 Cumberland Caverns Rd,Mc Minnville TN 37110,931-668-4396"
-87.358432,36.52629,Customs House Museum And Cultural Center,"200 S 2nd St,Clarksville TN 37040,931-648-5780"
-88.986479,36.129216,David Crocketts Last Home,"N Trenton St (state Rte 5),Rutherford TN 38369"
-83.267588,36.221478,Davy Crockett Replica Tavern,"2002 Morningside Dr,Morristown TN 37814,423-587-9900"
-85.765001,35.686681,Dinosaur Car Parts Sculpture,"624 Sparta St,Mc Minnville TN 37110,931-473-7136"
-83.510445,35.725588,Dinosaur Golf ***closed***,"160 Pkway,Gatlinburg TN 37738,865-436-4449"
-83.572606,35.814859,Dinosaur Walk Museum ***closed***,"106 Showplace Blvd,Pigeon Forge TN 37863,865-428-4003"
-86.38773,35.83959,Discovery Center At Murfree Spring,"502 Se Broad St,Murfreesboro TN 37130"
-84.38037222,35.02988333,Discovery Of Copper,"State Rte 68,Ducktown TN 37326"
-83.565837,35.867652,Dolly Parton Statue,"125 Court Ave,Sevierville TN 37862"
-83.547378,35.778766,Dolly Partons Dixie Stampede-Pigeon Forge,"3849 Pkway,Pigeon Forge TN 37863,800-356-1676"
-83.535417,35.79458,Dollywood,"1020 Dollywood Lane,Pigeon Forge TN 37863"
-85.307222,35.062047,Dragon Dreams Dragon Museum,"6724a E Brainerd Rd,Chattanooga TN 37421,423-892-2384"
-83.511506,35.713513,Dukes Of Hazzard Mini-Museum,"542 Pkway,Gatlinburg TN 37738,865-430-9909"
-86.850426,36.127328,Dutchmans Curve Train Wreck,"White Bridge Pike,Nashville TN 37205"
-83.515363,35.712641,Earthquake The Ride And A Mini Golf,"Pkway,Gatlinburg TN 37738"
-83.884799,35.996888,Easttennessee Discovery Center,"516 N Beaman St,Knoxville TN 37914"
-88.301535,36.286962,Eiffel Tower Replica-Paris Tn,"Volunteer Dr,Paris TN 38242,901-642-3431"
-88.813503,35.605171,Electro Chalybeate Well,"S Royal St,Jackson TN 38301"
-86.778432,36.160846,Elvis Fortune Teller And Jukebox Guitar-Legends Gift Shop,"424 Broadway,Nashville TN 37203"
-83.575055,35.802959,Elvis Museum Of Pigeon Forge,"2638 Pkway,Pigeon Forge TN 37863,865-428-2001"
-90.026994,35.048549,Elvis Presleys Heartbreak Hotel,"3677 Elvis Presley Blvd,Memphis TN 38116"
-90.033614,35.158928,Elvis School-Humes Prepatory Middle School,"659 N Manassas St,Memphis TN 38107"
-90.054262,35.140004,Elvis Statue,"Beale St,Memphis TN 38103"
-90.043027,35.150452,Elviss Apartment,"252 N Lauderdale St,Memphis TN 38105,901-521-8219"
-89.919779,35.103344,Elviss First Home In Memphis,"1034 Audubon Dr,Memphis TN 38117"
-87.467072,36.400141,Et Wickham Folk Art,"Oak Ridge Rd,Palmyra TN 37142"
-82.498366,36.38645,Etsu And General Shale Brick Natural History Musuem,"1212 Suncrest Dr,Johnson City TN 37615,423-439-3659"
-83.56666,35.798508,Fast Tracks Amusement Center And Others In The Area,"2879 Pkway,Pigeon Forge TN 37863"
-83.571652,35.803705,Ferris Wheel At The Island,"130 Island Dr,Pigeon Forge TN 37863"
-83.569141,35.856487,Fiji Merman-Ripleys Museum,"800 Pkway,Sevierville TN 37862,865-430-8851"
-86.816905,35.959719,Financial Peace Plaza Sign,"1749 Mallory Lane,Brentwood TN 37027"
-90.050506,35.148438,Fire Museum Of Memphis,"118 Adams St,Memphis TN 38103,901-320-5650"
-83.569547,35.873666,Floyd Garretts Muscle Car Museum,"320 Winfield Dunn Pkway,Sevierville TN 37876"
-86.460302,35.481345,Fly Arts Center,"204 S Main St,Shelbyville TN 37160"
-85.348395,35.106261,Flying Saucer House,"Signal Mountain Blvd,Signal Mountain TN 37377"
-85.66572,36.279744,Flynn Creek Impact Crater,"1893-2121 Flynns Creek Rd,Granville TN 38564,615-545-4866"
-83.346835,35.904265,Forbidden Caverns,"455 Blowing Cave Rd,Sevierville TN 37876,865-453-5972"
-86.775481,36.146608,Fort Negley Visitors Center,"1100 Fort Negley Blvd,Nashville TN 37203"
-86.783587,36.157536,Frist Center For The Visual Arts,"919 Broadway,Nashville TN 37203"
-86.796667,36.150667,Frog Mariachi Band,"1901 Broadway,Nashville TN 37203"
-84.031225,36.007544,Gas Station Shaped Like An Airplane,"6829 Clinton Hwy,Knoxville TN 37912"
-83.519933,35.71545,Gatlinburg Sky Lift Top Station,"965 Pkway,Gatlinburg TN 37738"
-86.695046,36.203179,General Jackon Showboat,"Opryland Dr,Nashville TN 37214"
-86.244958,35.438715,George Dickel Distillery Tour,"1950 Cascade Hollow Rd,Normandy TN 37360,931-857-3124"
-86.775365,36.162968,George Jones Museum,"128 2nd Ave N,Nashville TN 37201,615-818-0128"
-88.814767,35.5646,Giant Bag Of Groceries,"Located In S At Market Pl Supermarket,Jackson TN 38301"
-89.963317,35.077667,Giant Baskin Robins Carton-Baskin Robins Factory,"Avron B Fogelman Expwy,Memphis TN 38118"
-86.88239,35.08308,Giant Chicken With Chef Hat Outside Truck Stop,"1371 Bryson Rd,Ardmore TN 38449,931-468-2104"
-84.127623,36.375006,Giant Cross-La Follette,"345 Ershell Collins Rd,La Follette TN 37766"
-84.066758,35.547661,Giant Dragon,"5908 Calderwood Hwy,Tallassee TN 37878,865-856-5942"
-82.526816,36.550364,Giant Skinny Indian,"1225 E Stone Dr,Kingsport TN 37660"
-89.991491,35.136399,Giant Wind Chime,"Trimble Pl,Memphis TN 38104"
-90.0525,35.1386,Gibsons Guitar Factory And Tour-Near Rock N Soul Museum,"145 Lt George W Lee Ave,Memphis TN 38103"
-83.611995,35.78955,Goats On The Roof-Pigeon Forge,"1341 Wears Valley Rd,Pigeon Forge TN 37863,865-366-7139"
-83.944967,35.864365,Goofy Bird With Hubcap Eyes,"Hwy 33,Rockford TN 37853"
-86.691549,36.205994,Grand Ole Opry Museum,"2804 Opryland Dr,Nashville TN 37214"
-82.379401,36.391899,Grave Of 1st Dead White Man In Tennessee,"Carroll Creek Rd,Johnson City TN 37601"
-86.42076,35.452611,Grave Of Beautiful Jim Key-The Educated Horse,"Old Tullahoma Hwy,Shelbyville TN 37160"
-85.504142,36.17402,Grave Of Dammit The Dog,"9th St,Cookeville TN 38505"
-86.209308,35.577964,Grave Of Old Isham-Rebel War Horse,"French Brantley Rd,Wartrace TN 37183"
-83.536717,35.68545,Great Smoky Mountain National Park Relief Map,"1420 Little River Rd,Gatlinburg TN 37738"
-83.514565,35.712881,Guinness World Records Museum,"631 Pkway,Gatlinburg TN 37738,423-436-9100"
-87.763392,35.318540,Hanging Mortocycle-Mikes Cycles,Waynesboro TN 38485
-86.402841,35.855162,Hank Williams Jr Monday Night Football Jukebox,"860 Nw Broad St,Murfreesboro TN 37129,615-898-1301"
-83.5786,35.821983,Hatfield And Mccoy Dinner Feud And Cool Penny Smasher,"119 Music Rd,Pigeon Forge TN 37863"
-84.87543,35.161696,Haunted Bloody Mausoleum-St Lukes Episcopal Church,"320 Broad Ave Nw,Cleveland TN 37311"
-86.291034,36.207437,Head Of A Man Creature,"140 Public Sq,Lebanon TN 37087"
-85.309555,35.054947,Head Of The Sugar Flat Road Creature,"138 Market St,Chattanooga TN 37402,423-821-7125"
-85.420245,36.148385,Hidden Hollow,"829 Hidden Hollow Rd,Cookeville TN 38506,931-526-4038"
-85.310933,35.053967,High Point Climbing Wall,Chattanooga TN 37402
-90.014684,35.034448,High School Viking Giant-Hillcrest High School,"4184 Graceland Dr,Memphis TN 38116"
-88.855351,35.66077,High-Flying Caboose And Others-Casey Jones Motel,"1943 Hwy 45 Bypass,Jackson TN 38305"
-83.510513,35.719784,Hillbilly Golf-On The Mountain,"340 Pkway,Gatlinburg TN 37738,865-436-7470"
-83.519985,35.709717,Hollywood Star Cars Museum,"914 Pkway,Gatlinburg TN 37738,865-430-2200"
-83.577354,35.81522,Hollywood Wax Museum And Maze Of Mirrors,"110 Showplace Blvd,Pigeon Forge TN 37863,865-428-5228"
-85.517948,35.203805,Holocaust Box Car With 11 Million Paper Clips-Whitwell Middle School,"1130 Main St,Whitwell TN 37397,423-658-5631"
-88.383355,35.232491,Home Of Buford,"342 Pusser St,Adamsville TN 38310,731-632-4080"
-85.3228,36.383322,Hometown Monument-1st American Killed In Vietnam,"N Church St,Livingston TN 38570"
-86.87344,35.917042,House Riddled With 1000 Civil War Bullet Holes-Carter House,"1140 Columbia Ave,Franklin TN 37064,615-791-1861"
-85.305812,35.054752,Houston Museum Of Decorative Arts,"201 High St,Chattanooga TN 37403"
-86.786789,36.142594,Human-Play Polar Bear Statues,"Edgehill Ave,Nashville TN 37203"
-85.343422,35.005939,Incline Railroad,"827 E Brow Rd,Lookout Mountain TN 37350,423-821-9444"
-85.690697,35.242691,Indian Gator Wrestling,"Us 41 Tamiami Trail,Sequatchie TN 37374,305-223-8380"
-89.937162,35.121761,Institute Of Egyptian Art And Archaeology,"3750 Norriswood Ave,Memphis TN 38111"
-84.2638113,36.0120228,International Friendship Bell,"1403 Oak Ridge Tpk,Oak Ridge TN 37830"
-85.323582,35.016992,International Towing And Recovery Museum,"3315 Broad St,Chattanooga TN 37408,423-267-3132"
-89.873824,35.108802,Isaac Hayes Grave And Crystal Shrine Grotto,"5668 Poplar Ave,Memphis TN 38120"
-83.580099,35.914948,Islamic Building On Country Highway-Antique Castle,"1805 Winfield Dunn Pkway,Sevierville TN 37876,865-429-2770"
-86.369389,35.285952,Jack Daniels Distillery Tour-Safe That Killed Daniel,"280 Hwy,Lynchburg TN 37352,931-759-4221"
-83.518233,35.711533,Jigglin George Sign Shop Penny Smasher,"764 Pkway,Gatlinburg TN 37738"
-86.775836,36.160883,Johnny Cash Museum,"119 3rd Ave S,Nashville TN 37201,615-256-1777"
-82.384456,36.325562,Junaluska And Arch Of Friendship,"Knob Creek Rd,Johnson City TN 37604"
-84.160305,35.622966,Junior Banks Fortress Of Faith,"250 Lee Shirley Rd,Greenback TN 37742"
-83.976648,35.942354,Killed By A Yankee In Her Vegetable Patch,"4311 Kingston Pike,Knoxville TN 37919"
-86.734311,36.139943,Lane Motor Museum,"702 Murfreesboro Pike,Nashville TN 37210,615-742-7445"
-83.911093,35.963549,Large Basketball Atop Womens Basketball Hall Of Fame,"700 Hall Of Fame Dr,Knoxville TN 37915,865-633-9000"
-89.88537,35.066838,Large Buddha Statue,"S Mendenhall Rd,Memphis TN 38115"
-89.339342,36.396197,Large Crappie,"Hamilton Rd,Hornbeak TN 38232"
-86.730314,36.168156,Large Dripping Bird,"Shelby Ave,Nashville TN 37206"
-84.278871,35.283171,Large Frying Pan - Wiliams Mountain Market and Deli,"Hwy 68,Tellico Plains TN 37385"
-89.98081,35.117063,Libertyland,"940 Early Maxwell Blvd,Memphis TN 38104"
-83.657581,36.580805,Lincoln Museum On Rebel Ground,"6965 Pkway,Harrogate TN 37752,423-869-6235"
-86.370800,35.886883,Lion Statue At Pca,Murfreesboro TN 37130
-83.383678,35.819151,Llama Treks-Shortcake With Banana Man,"1839 Creek Hollow Way,Sevierville TN 37876,865-428-4606"
-85.935749,35.181941,Lone Rock,"11404 Hwy,Sewanee TN 37375"
-90.051735,35.147231,Lopsided Pink Dog,"75 Jefferson Ave,Memphis TN 38103"
-87.781807,35.971191,Loretta Lynns Coal Miners Daughter Museum,"Old State Hwy 13,Hurricane Mills TN 37078"
-90.057496,35.134413,Lorraine Motel-National Civil Rights Museum,"450 Mulberry St,Memphis TN 38103,901-521-9699"
-86.872722,35.917853,Lotz House Museum,"1111 Columbia Ave,Franklin TN 37064"
-83.573531,35.802834,Lumberjack Feud Dinner And Show,"2713 Pkway,Pigeon Forge TN 37863,855-244-3383"
-84.611861,35.449175,Mayfield Dairy Farms Tours And A Big Cow,"4 Mayfield Lane,Athens TN 37303,800-629-3435"
-83.576693,35.815573,Maze Of Mirrors And Castle Of Chaos-5d Haunted Attraction,"Showplace Blvd,Pigeon Forge TN 37863"
-84.599584,35.440381,Mcminn County Living Heritage Museum,"522 W Madison Ave,Athens TN 37303,423-745-0329"
-83.306991,36.196202,Memorial To Usa First Air Ace,"S Fairmont Ave,Morristown TN 37813"
-83.012513,36.424464,Memory Lane-Private 1950s Town,"459 Caney Creek Rd,Rogersville TN 37857,423-272-2938"
-90.052169,35.138478,Memphis Rock N Soul Museum,"191 Beale St,Memphis TN 38103,901-205-2533"
-89.66677,35.042155,Memphis Transportation Museum,"125 N Rowlett St,Collierville TN 38017"
-89.993983,35.151450,Memphis Zoo China Exhibit,Memphis TN 38112
-87.641193,36.372224,Meteor Crater Impact Marker,"Tn 149,Cumberland City TN 37050"
-86.7915,36.15197,Microphone Bicycle Rack,"Demonbruen St,Nashville TN 37203"
-89.72174,35.410722,Mid South Military Museum,"10021 Old Memphis Rd,Atoka TN 38004"
-85.026297,35.947824,Military Memorial Museum Of Crossville,"20 S Main St,Crossville TN 38555"
-83.965285,35.780212,Millennium Manor,"500 Nwright Rd,Alcoa TN 37701"
-84.139996,36.208968,Miners Circle-Mine Explosion Graves,"1030 New Clear Branch Rd,Lake City TN 37769"
-84.998002,35.979465,Ministers Treehouse,"Beehive Lane,Crossville TN 38571"
-87.541044,35.784488,Minnie Pearl Statue-Centerville,"2119 Hwy 50 W Loop,Centerville TN 37033,931-729-3690"
-87.839523,35.616661,Minnie Pearl Statue-Linden,"114 W Main St,Linden TN 37096"
-83.552128,36.098857,Miracle Mineral Water-New Market,"1005 W Old Aj Hwy,New Market TN 37820"
-83.569441,35.853908,Monster Truck Rides-Outdoor Adventures Of The Smokies,"910 Pkway,Sevierville TN 37862,865-429-8757"
-83.196062,35.859753,Moonshine Bar But Hs No More Moonshine,"Dark Hollow Rd,Cosby TN 37722"
-86.373926,35.282092,Moore County Old Jail Museum,"231 Main St,Lynchburg TN 37352,931-993-1791"
-86.806169,36.136946,Mosaic Dragon Sculpture-Fannie Mae Dees Park,"2400 Blakemore Ave,Nashville TN 37212"
-82.350158,36.31751,Most Powerful Musical Bi-Polar Tesla Coil Inside Hands On Museum,"315 E Main St,Johnson City TN 37601,423-434-4263"
-83.577193,35.815876,Movie Director Mailbox-Hollywood Stars Wax Museum,Pigeon Forge TN 37863
-87.207627,35.534007,Mt Pleasant-Maury Phosphate Museum,"108 Public Sq,Mount Pleasant TN 38474,931-379-9511"
-90.052812,35.149137,Mud Island River Park And Mississippi River Museum,"125 N Front St,Memphis TN 38103,901-576-7241"
-82.567898,36.577393,Muffler Man Holding Hamburger-Pats Sudden Services,"1316 Lynn Garden Dr,Kingsport TN 37665"
-86.639726,36.526965,Muffler Man-Indian-Cross Plains,"8759 Hwy 25 E,Cross Plains TN 37049"
-85.2079,35.014625,Muffler Man-Nascar Pit Crew Member,"5918 E Brainerd,Chattanooga TN 37421"
-90.127751,34.994795,Muffler Man-State Line Big John,"Us Hwy 61,Memphis TN 38109"
-85.987496,36.007542,Mule On A Cliff,"Us Hwy 70,Liberty TN 37095"
-83.569551,35.799974,Mural Of Lara Croft At Lazerport Fun Center,"2782 Pkway,Pigeon Forge TN 37863,865-453-0400"
-84.069719,36.180426,Museum Of Appalachia-Perpetual Motion Machine,"2819 Hwy,Clinton TN 37716,865-494-7680"
-83.5348081,35.8604728,Museum Of Aviation Of Sevierville,"135 Air Museum Way,Sevierville TN 37862"
-86.713561,36.37156,Museum Of Beverage Containers And Advertising ***closed***,"1055 Ridgecrest Dr,Goodlettsville TN 37072,615-859-5236"
-83.502375,35.716145,Museum Of Salt And Pepper Shakers,"461 Brookside Village Way,Gatlinburg TN 37738,865-430-5515"
-86.77885,36.16015,Music City Bike Tenders,"Broadway,Nashville TN 37203"
-86.698887,36.21777,Music Valley Wax Museum ***closed***,"2515 Mcgavock Pike,Nashville TN 37214,615-883-3612"
-83.517594,35.713094,Mysterious Mansion-Gatlinburg,"424 River Rd,Gatlinburg TN 37738"
-83.580048,35.653561,Mysterious Synchronous Fireflies,"Elkmont Rd,Gatlinburg TN 37738,865-436-1291"
-86.784443,36.16589,Naked Dancers-Music Row Round-A-Bout,"16th Ave Demonbraun St,Nashville TN 37219"
-86.787682,36.169737,Nashtrash Tour,"900 Rosa L Parks Blvd,Nashville TN 37208,615-226-7300"
-86.687713,35.995308,Nashville Zoo,"3777 Brentwood Rd,Brentwood TN 37027,615-833-1534"
-86.771307,36.061701,Nathaniel Bedford Forrest Statue,"Hogan Rd,Nashville TN 37220"
-89.193334,35.050007,National Bird Dog Museum,"505 Hwy 57 W,Grand Junction TN 38039,731-764-2058"
-83.584161,35.934431,National Knife Museum-Smokie Mountain Knife Works,"2320 Winfield Dunn Pkway,Sevierville TN 37876,865-453-5871"
-85.186727,35.031633,National Memorial For The Unborn,"6232 Vance Rd,Chattanooga TN 37421"
-90.0751,35.123653,National Ornamental Metal Museum,"374 Metal Museum Dr,Memphis TN 38106,901-774-6380"
-86.675937,36.469331,Nervous Charlies Fireworks Shell Station Ape,"801 Hwy 76,White House TN 37188,615-672-4921"
-86.489709,35.963201,Nissan Tours,"983 Nissan Dr,Smyrna TN 37167,615-459-1444"
-84.595591,35.445909,Nocatula And Connestoga,"Coach Farmer Dr,Athens TN 37303"
-88.047137,35.968475,North Americas Only Freshwater Pearl Farm At The Birdsong Resort And Marina,"255 Marina Rd,Camden TN 38320,731-584-7880"
-87.02937305,35.19552393,Nunahi-Duna-Dlo-Hily-I,"Stadium St,Pulaski TN 38478"
-86.385149,35.855977,Oaklands Historic House Museum,"900 N Maney Ave,Murfreesboro TN 37130"
-86.36205,35.859789,Obelisk-Geographic Center Of Tennessee,"Old Lascassas Hwy,Murfreesboro TN 37130"
-83.559769,35.703521,Ober Gatlinburg Ski Resort And Amusement Park Alpine Slide,"Ski Mountain Rd,Gatlinburg TN 37738"
-89.0472706,36.4173866,Obion County Museum,"1004 Edwards St,Union City TN 38261"
-84.345135,36.044876,October Sky Museum,"610 Walker Ave,Oliver Springs TN 37840,865-435-2509"
-83.37515,35.910066,Old Dutch Settlement,"Fox Cemetery Rd,Sevierville TN 37876"
-83.55373,35.788239,Old Mill Tours,"Old Mill Rd,Pigeon Forge TN 37863,888-453-6455"
-88.251025,35.224884,Old Post Office-Tennessee River Museum,Savannah TN 38372
-86.427311,35.876588,Oldest Civil War Monument,"Old Nashville Hwy,Murfreesboro TN 37129"
-83.517501,35.711894,Ole Smoky Candy Kitchen Taffy Puller,"744 Pkway,Gatlinburg TN 37738"
-87.531022,35.564686,Oliver Travel Trailers Tours,"609 Swan Ave,Hohenwald TN 38462,888-526-3978"
-83.515829,35.810514,Parrot Mountain And Gardens,"1471 Mccarter Hollow Rd,Sevierville TN 37862,865-774-1749"
-83.551656,35.788148,Patriot Park,"186 Old Mill Ave,Pigeon Forge TN 37863"
-88.161191,36.060691,Patsy Cline Crash Site Memorial,"2904 Mt Carmel Rd,Camden TN 38320"
-88.12692,35.6493,Pea Vine-Ghost Railroad/parsons A Railroad Town,"S Tennessee Ave (state Rte 69),Parsons TN 38363"
-90.05181,35.142665,Peabody Ducks-Lobby Of The Peabody Hotel,"149 Union Ave,Memphis TN 38103,901-529-4179"
-83.55626,35.788676,Pigeon Forge-Gatlinburg-A Mecca,"Hwy 66,Pigeon Forge TN 37863"
-89.752876,35.206037,Pine Tree Cell Tower,"Champions Dr,Arlington TN 38002"
-86.639377,36.526752,Pink Elephant With Martini Glass,"8736 Hwy 25 E,Cross Plains TN 37049"
-85.517822,36.149593,Pink Elephant-Cookeville,"680 S Willow Ave,Cookeville TN 38501"
-86.708861,36.280848,Pink Elephant-Madison,"1303 Gallatin Rd N,Madison TN 37115"
-88.24952,35.225286,Pink Lady Catfish,"414 Main St,Savannah TN 38372"
-89.959338,35.125327,Pink Palace Museums-Lot Of Replicas,"3050 Central Ave,Memphis TN 38111,901-636-2362"
-83.548306,35.782464,Pioneer-Pirate Statue,"Dollywood Lane,Pigeon Forge TN 37863"
-86.3918,35.845783,Police And Firefighter Memorial,"S Church St,Murfreesboro TN 37130"
-88.749795,36.01648,Pratt Cemetery Bell,"Pratt Cemetery Rd,Milan TN 38358"
-86.75166,36.145669,Purity Dairy Tours,"360 Murfreesboro Rd,Nashville TN 37210,615-760-2200"
-82.518667,36.548181,Purple Cows And Hot Dog Man,"1648 E Stone Dr,Kingsport TN 37660,423-245-1707"
-85.408068,35.020805,Raccoon Mountain Caverns / Go-Karts,"319 W Hills Dr,Chattanooga TN 37419,423-821-9403"
-83.566491,35.840076,Rainforest Adventures Discovery Zoo,"109 Nascar Dr,Sevierville TN 37862,865-428-4091"
-86.611718,35.853197,Renaissance-Lovers Castle,"2124 New Castle Rd,Arrington TN 37014,615-395-9950"
-86.813246,36.14979,Replica Parthenon And Statue Of Athena,"2600 W End Ave,Nashville TN 37203,615-862-8431"
-83.715016,36.065813,Reptile Rock,"Mascot Rd,Mascot TN 37806"
-83.568107,36.457429,Restored 1930s Gas Station,"Main St,Tazewell TN 37879"
-83.197536,35.969236,Rhyne Clock Company Tours,"211 W Main St,Newport TN 37821,423-623-2324"
-83.522089,35.709333,Ripleys Aquarium Of The Smokies,"88 River Rd,Gatlinburg TN 37738,865-430-8808"
-83.509856,35.724168,Ripleys Davy Crocket Mini-Golf,"188 Pkway,Gatlinburg TN 37738"
-83.5719,35.832583,Ripleys Old Macdonalds Farm Mini Golf,"1639 Pkway,Sevierville TN 37862"
-88.817322,35.614803,Rock A Billy Hall Of Fame And Rock-A-Billy Park,"118 N Liberty St,Jackson TN 38301"
-84.922282,35.862893,Rock City Barn-Crossville,"5656 Hwy 68,Crossville TN 38555"
-84.058747,35.654225,Rock City Barn-Maryville,"Us Hwy 129,Maryville TN 37801"
-83.449678,36.304654,Rock City Barn-See 7 States,"1941 Lee Hwy,Rutledge TN 37861"
-87.309534,36.052566,Rockabilly Hall Of Fame,"211 College St,Burns TN 37029"
-88.817379,35.61438,Rockabilly Hall Of Fame-elvis Defibrillator Of Death,"105 N Church St,Jackson TN 38301,731-217-3350"
-83.565158,35.79687,Rockin Raceway Go Carts,"2839 Pkway,Pigeon Forge TN 37863,865-428-3392"
-83.005052,36.404268,Rogersville Heritage Association,"415 S Depot St,Rogersville TN 37857"
-85.498924,36.162807,Ronald Reagan-Great American Mural,"406 E Broad St,Cookeville TN 38501"
-83.917248,35.963457,Rowing Man Sculpture-Oarsman,"S Gay St And W Church Ave,Knoxville TN 37902"
-85.339767,35.018887,Ruby Falls-Lookout Mountain Attractions,"1720 S Scenic Hwy,Chattanooga TN 37409,423-821-2544"
-86.860904,35.933367,Rusty Mechanism,"230 Rd,Franklin TN 37064"
-86.860016,35.93188,Rusty-Recycled Factory Man,Franklin TN 37064
-88.83386,35.620127,Rustys Tv And Movie Car Museum,"323 Hollywood Dr,Jackson TN 38301,731-267-5881"
-83.919103,35.964659,Rv Baby Carriage And Other Art In Park,"Market St,Knoxville TN 37902"
-83.841409,36.025431,Safety Follows Wisdom-Tn,"1100 Troutman Rd,Knoxville TN 37924"
-88.812065,35.558402,Safety Man On Ladder,"1926 S Highland Ave,Jackson TN 38301"
-86.501012,35.985565,Sam Davis Grave And Home Museum,"1399 Sam Davis Rd,Smyrna TN 37167,615-459-2341"
-87.027792,35.196737,Sam Davis Museum-Hanging Site,"134 S Sam Davis Ave,Pulaski TN 38478,931-363-2720"
-86.781446,36.164907,Sam Davis Shoe Of Doom,"505 Deaderick St,Nashville TN 37243,615-741-2692"
-87.173429,35.038861,Sam Davis-Boy Hero-Captured Here,"Sam Davis Circle,Minor Hill TN 38473"
-90.052636,35.139651,Schwabs Shoe Thief Bait,"163 Beale St,Memphis TN 38103"
-85.012733,35.495006,Scopes Monkey Trial,"1475 Market St,Dayton TN 37321"
-84.954411,36.547568,Sergeant York Grave,"Wolf River Loop Rd,Pall Mall TN 38577"
-90.049534,35.148182,Shelby County Courthouse-Movie Shot Location Building Exterior Used In The Silence Of The Lambs,"140 Adams Ave,Memphis TN 38103"
-88.459953,35.205837,Sheriff Buford Pusser Crash-Death Site,"Lawton Rd,Selmer TN 38375"
-87.033641,35.619155,Side-By-Side Sarcophagi Of James K Polk Parents,"W 4th St,Columbia TN 38401"
-86.781002,36.164661,Sit And Jam With Chet Atkins,"414 Union St,Nashville TN 37219"
-82.426118,36.391795,Site Of The Last Boone Bear Tree,"Old Gray Station Rd,Johnson City TN 37615"
-88.761526,36.083831,Skullbone Store,"1 Shades Bridge Rd,Bradford TN 38316,731-742-3179"
-82.110062,36.524227,South Holston Dam,"Holston View Dam Rd,Bristol TN 37620"
-85.315217,35.0564,Southern Belle Riverboat,"201 Riverfront Pkway-pier 2,Chattanooga TN 37402"
-83.51819,35.710834,Space Needle,"115 Historic Nature Trail,Gatlinburg TN 37738,865-436-4629"
-89.721823,35.022534,Speed Limit 19 Mph,"4674 Merchants Park Circle,Collierville TN 38017"
-86.77857,36.159949,Sports Hall Of Fame Museum Of Nashville,"501 Broadway,Nashville TN 37203"
-83.571536,35.800161,Star Tracks Go Carts And Laser Tag,"2757 Pkway,Pigeon Forge TN 37863"
-84.370474,34.988193,State Line Through A Bar,"109 Ocoee St,Copperhill TN 37317"
-89.843313,35.049085,Statue Of Liberation Through Christ,"Winchester Rd,Memphis TN 38115"
-89.994054,35.147512,Statue Of Memphis Belle,"Veterans Plaza Dr,Memphis TN 38112"
-86.784348,36.164789,Statue Of Sam Davis-Boy Hero Of The Confederacy,"Charlotte And 7th Ave,Nashville TN 37203"
-87.031348,35.199189,Statue Of Sam Davis-Rebel Martyr,"W Madison St,Pulaski TN 38478"
-90.031872,35.115724,Stax Music Academy,"910 E Mclemore Ave,Memphis TN 38106"
-85.658644,36.3551,Strange Head Of Andrew Jackson-Gainesboro,"W Gore Ave,Gainesboro TN 38562"
-87.99185,35.3873,Stribling House Museum,"E Water St (state Rte 128),Clifton TN 38425"
-86.334106,35.527307,Strolling Jim-Tennessee Walking Horse,"101 Spring St,Wartrace TN 37183"
-86.449001,36.387541,Sumner County Museum,"183 W Main St,Gallatin TN 37066"
-90.037721,35.139277,Sun Studio-Home Of Rock And Roll,"706 Union Ave,Memphis TN 38103,901-521-0664"
-83.923187,35.961747,Sunsphere,"810 Clinch Ave,Knoxville TN 37902"
-85.206666,35.066967,Tennessee Valley Railroad Museum,"4119 Cromwell Rd,Chattanooga TN 37421"
-87.233555,35.024026,The Big Red Store,"436 Appleton Rd,Five Points TN 38457,931-556-2023"
-86.66772,36.044635,The Gift,"1174 Bell Rd,Antioch TN 37013"
-86.61329,36.214534,The Hermitage-Home Of Andrew Jackson,"4580 Rachels Lane,Old Hickory TN 37138"
-83.5789,35.809667,The Incredible Christmas Place Penny Smasher,"2470 Pkway,Pigeon Forge TN 37863"
-84.431906,35.534867,The Lost Sea,"140 Lost Sea Rd,Madisonville TN 37354,423-337-6616"
-88.322915,35.720393,Third Largest Pecan Tree In The World ***gone***,"24845 Natchez Trace Rd,Lexington TN 38351"
-83.568192,35.798953,Three Bears Bear Pit-Near Spin City Use And Rocin Raceway Arcade,"2861 Pkway,Pigeon Forge TN 37863,865-453-2775"
-89.246119,35.541093,Tina Turner Museum,"121 Sunny Hill Cove,Brownsville TN 38012,731-779-9000"
-82.333641,36.294437,Tipton Haynes Historic Site,"2620 S Roan St,Johnson City TN 37601"
-83.578778,35.820569,Titanic Museum-Tn,"2134 Pkway,Pigeon Forge TN 37863"
-90.064695,35.135301,Tom Lee-Riverboat Disaster Hero,"S Riverside Dr,Memphis TN 38103"
-86.76936,36.148701,Tombstone Made From Suicide Rock,"1001 4th Ave S,Nashville TN 37203,615-862-7970"
-86.83649,36.079691,Topiary Bison-Salt Lick Bound,"Hillsboro Pike,Nashville TN 37215"
-86.829532,36.257033,Tour Home Of Barbara Mandrell,"4225 Pike,Whites Creek TN 37189,615-724-1600"
-84.861328,35.140011,Tow Mater Truck,"Lois St,Cleveland TN 37311"
-88.598719,35.358254,Town Named Finger,"Hwy 199,Finger TN 38334"
-86.764338,36.076086,Travellers Rest Plantation And Museum,"636 Farrell Pkway,Nashville TN 37220"
-83.776637,35.658429,Tuckaleechee Caverns,"825 Cavern Rd,Townsend TN 37882,865-448-2274"
-90.052668,35.14236,Twelve Pound Hamburgers-Kooky Canuck,"97 S 2nd St,Memphis TN 38103,901-578-9800"
-86.867387,36.283205,Two Traffic Safety Cone Buildings,"6486 Old Hickory Blvd,Whites Creek TN 37189"
-82.313832,36.530561,Ufo And Aliens In Yard,"Birch St,Blountville TN 37617"
-84.246994,36.377787,Usa Titan Fireworks Rocket,"304 Howard Baker Hwy,Pioneer TN 37847,423-562-7000"
-86.762352,36.09699,Vending Machine For Cars,"4270 Kenilwood Dr,Nashville TN 37204"
-90.025269,34.996159,Vinyl Record Sign,"Elvis Presley Blvd,Memphis TN 38116"
-86.777982,36.152196,Voice-O-Graph Booth-Cut Your Own Record,"623 7th Ave S,Nashville TN 37203,615-891-4393"
-90.0213549,35.0530464,W C Handy Blues Museum And Art Center,"1275 Royal Oaks Cove,Memphis TN 38116"
-88.729334,35.934463,W Tennessee Agricultural Museum,"3 Ledbetter Rd,Milan TN 38358"
-86.3731457,35.2823778,Walking Horse Museum,"183 Main St,Lynchburg TN 37352"
-86.400694,36.132249,Wall Of Honor,"Wildcat Way,Lebanon TN 37090"
-86.553914,35.991514,Wayward Pizza Man,"662 Old Nashville Hwy,La Vergne TN 37086"
-86.698027,36.21764,Willie Nelson And Friends Museum-Cooters Place-The General-1969 Dodge Charger,"2613 Mcgavock Pike,Nashville TN 37214,615-885-1515"
-86.776734,36.160911,Willie Nelson Fortune Teller-Dixieland Delights Store,"325 Broadway,Nashville TN 37201"
-83.57877,35.820571,Wonderworks Interactive Experience-Pigeon Forge,"100 Music Rd,Pigeon Forge TN 37863"
-90.0376689,35.144975,Woodruff-Fontaine House,"680 Adams Ave,Memphis TN 38105"
-83.516008,35.712282,World Of Illusions,"714 Pkway,Gatlinburg TN 37738,423-436-9701"
-84.257058,36.009794,World Trade Center Made Of Rusty Debris-American Museum Of Scince And Energy,"300 S Tulane Ave,Oak Ridge TN 37830,865-576-3200"
-85.310855,35.055048,Worlds Largest Alligator Snapping Turtle-Tennessee Aquarium,"One Broad St,Chattanooga TN 37402"
-86.395851,35.843917,Worlds Largest Cedar Bucket,"312 S Front St,Murfreesboro TN 37129,615-890-0355"
-83.921669,35.961679,Worlds Largest Rubiks Cube-Knoxville Convention And Exhibition Center,"701 Henley St,Knoxville TN 37902,865-522-5669"
-88.941311,35.978258,Worlds Largest Teapot Collection-Trenton City Hall,"309 College St,Trenton TN 38382,713-855-2013"
-90.031275,35.115657,Worlds Only Soul Music Museum-Stax Museum Of American Soul Music,"926 E Mclemore Ave,Memphis TN 38106,901-942-7685"
-83.923787,35.959677,Worlds Only Statue Of Rachmaninoff,"Cumberland Ave,Knoxville TN 37916"
-81.815061,36.594121,Worlds Shortest Highway Tunnel,"Hwy 133,Shady Valley TN 37688"
-89.811876,35.183441,Worlds Tallest Three Crosses Of Calvary,"I-40,Cordova TN 38016"
-83.936419,35.909112,Worst Death Boat In Us History,"Cemetery Rd,Knoxville TN 37920"
-86.885971,35.372373,Wyatt Archaeological Museum-Noahs Ark Found!,"2502 Hwy,Cornersville TN 37047,931-293-4745"
-84.93272,36.427888,Ye Ole Jail Museum,"114 Central Ave W,Jamestown TN 38556,931-879-9948"
-90.070211,35.128395,Yellow Fever Martyrs Memorial And Mass Grave-Martyrs Park,"Channel 3 Dr,Memphis TN 38103"
-83.571901,35.832404,Zipline-Adventure Park At Five Oaks,"1628 Pkway,Sevierville TN 37862"
